LastName,FirstName,FullName,Grade
Flowerpot,Petunia,Petunia Flowerpot,TK
Hammer,Jack,Jack Hammer,8
Winterbottom,Holly,Holly Winterbottom,TK
Candlewick,Wick,Wick Candlewick,1
Seashell,Sandy,Sandy Seashell,2
Sparkplug,Rusty,Rusty Sparkplug,3
Doorknob,Knob,Knob Doorknob,4
Lightning,Flash,Flash Lightning,5
Quill,Penelope,Penelope Quill,TK
Paperclip,Penny,Penny Paperclip,1
Notebook,Nate,Nate Notebook,2
Eraser,Ruby,Ruby Eraser,3
Highlighter,Mark,Mark Highlighter,4
Pencil,Shayne,Shayne Pencil,5
Stapler,Stacey,Stacey Stapler,6
Scissors,Sid,Sid Scissors,7
Glue,Glenn,Glenn Glue,8
Ruler,Ruth,Ruth Ruler,TK
Crayon,Cole,Cole Crayon,1
Marker,Mary,Mary Marker,2
Binder,Barry,Barry Binder,3
Backpack,Blake,Blake Backpack,4
Lunchbox,Liam,Liam Lunchbox,5
Clock,Timothy,Timothy Clock,6
Clock,Tina,Tina Clock,8
Calendar,Caroline,Caroline Calendar,7
Map,Miles,Miles Map,8
Map,Maria,Maria Map,6
Globe,Georgia,Georgia Globe,TK
Globe,George,George Globe,2
Compass,Connor,Connor Compass,1
Telescope,Tara,Tara Telescope,2
Microscope,Michael,Michael Microscope,3
Beaker,Bella,Bella Beaker,4
Beaker,Benjamin,Benjamin Beaker,6
TestTube,Tommy,Tommy TestTube,5
Flask,Flora,Flora Flask,6
BunsenBurner,Brian,Brian BunsenBurner,7
BunsenBurner,Beth,Beth BunsenBurner,8
GraduatedCylinder,Grace,Grace GraduatedCylinder,8
PetriDish,Peter,Peter PetriDish,TK
SafetyGoggles,Sarah,Sarah SafetyGoggles,1
LabCoat,Leo,Leo LabCoat,2
LabCoat,Leah,Leah LabCoat,4




